clip_id,session_id,participant,rep,code,group,label,fall_type,speed,direction,start_node,end_node,t_cue_s,t_onset_s,t_end_s,n_frames,fps_est,valid,invalid_reason,notes
P1_R1_N1,,P1,1,N1,N,no_fall,,,,,,,,,,,,,
P1_R1_N2,,P1,1,N2,N,no_fall,,,,,,,,,,,,,
P1_R1_N3,,P1,1,N3,N,no_fall,,,,,,,,,,,,,
P1_R1_N4,,P1,1,N4,N,fall,depan,cepat,menjauhi_kamera,,,,,,,,,,
P1_R1_N5,,P1,1,N5,N,fall,depan,pelan,menjauhi_kamera,,,,,,,,,,
P1_R1_N6,,P1,1,N6,N,fall,belakang,cepat,menjauhi_kamera,,,,,,,,,,
P1_R1_N7,,P1,1,N7,N,fall,belakang,pelan,menjauhi_kamera,,,,,,,,,,
P1_R1_N8a,,P1,1,N8a,N,fall,samping,cepat,menyamping,,,,,,,,,,
P1_R1_N8b,,P1,1,N8b,N,fall,samping,pelan,menyamping,,,,,,,,,,
P1_R2_N1,,P1,2,N1,N,no_fall,,,,,,,,,,,,,
P1_R2_N2,,P1,2,N2,N,no_fall,,,,,,,,,,,,,
P1_R2_N3,,P1,2,N3,N,no_fall,,,,,,,,,,,,,
P1_R2_N4,,P1,2,N4,N,fall,depan,cepat,menjauhi_kamera,,,,,,,,,,
P1_R2_N5,,P1,2,N5,N,fall,depan,pelan,menjauhi_kamera,,,,,,,,,,
P1_R2_N6,,P1,2,N6,N,fall,belakang,cepat,menjauhi_kamera,,,,,,,,,,
P1_R2_N7,,P1,2,N7,N,fall,belakang,pelan,menjauhi_kamera,,,,,,,,,,
P1_R2_N8a,,P1,2,N8a,N,fall,samping,cepat,menyamping,,,,,,,,,,
P1_R2_N8b,,P1,2,N8b,N,fall,samping,pelan,menyamping,,,,,,,,,,
P2_R1_N1,,P2,1,N1,N,no_fall,,,,,,,,,,,,,
P2_R1_N2,,P2,1,N2,N,no_fall,,,,,,,,,,,,,
P2_R1_N3,,P2,1,N3,N,no_fall,,,,,,,,,,,,,
P2_R1_N4,,P2,1,N4,N,fall,depan,cepat,menjauhi_kamera,,,,,,,,,,
P2_R1_N5,,P2,1,N5,N,fall,depan,pelan,menjauhi_kamera,,,,,,,,,,
P2_R1_N6,,P2,1,N6,N,fall,belakang,cepat,menjauhi_kamera,,,,,,,,,,
P2_R1_N7,,P2,1,N7,N,fall,belakang,pelan,menjauhi_kamera,,,,,,,,,,
P2_R1_N8a,,P2,1,N8a,N,fall,samping,cepat,menyamping,,,,,,,,,,
P2_R1_N8b,,P2,1,N8b,N,fall,samping,pelan,menyamping,,,,,,,,,,
P2_R2_N1,,P2,2,N1,N,no_fall,,,,,,,,,,,,,
P2_R2_N2,,P2,2,N2,N,no_fall,,,,,,,,,,,,,
P2_R2_N3,,P2,2,N3,N,no_fall,,,,,,,,,,,,,
P2_R2_N4,,P2,2,N4,N,fall,depan,cepat,menjauhi_kamera,,,,,,,,,,
P2_R2_N5,,P2,2,N5,N,fall,depan,pelan,menjauhi_kamera,,,,,,,,,,
P2_R2_N6,,P2,2,N6,N,fall,belakang,cepat,menjauhi_kamera,,,,,,,,,,
P2_R2_N7,,P2,2,N7,N,fall,belakang,pelan,menjauhi_kamera,,,,,,,,,,
P2_R2_N8a,,P2,2,N8a,N,fall,samping,cepat,menyamping,,,,,,,,,,
P2_R2_N8b,,P2,2,N8b,N,fall,samping,pelan,menyamping,,,,,,,,,,
